 Name,Screener,LTP,Change(%),Open,Volume,Market Cap (Cr.),PE Ratio,Industry PE,52W High,52W Low,1M Returns,3M Returns,1 Yr Returns,3 Yr Returns,5 Yr Returns,PB Ratio,Dividend,ROE,ROCE,EPS,50 DMA,200 DMA,RSI,Margin Funding,Margin Pledge
"Reliance Industries","https://scanx.trade/company/reliance-industries-ltd","1,387.80","-0.44%","1,389.50","57,97,145","18,78,036.55","19.29","10.47","1,611.80","1,114.85","-11.33%","-5.39%","6.31%","25.16%","48.80%","2.15","0.39%","8.54%","8.71%","101.61","1,528.53","1,435.44","24.43","78.00%","91.00%"
"HDFC Bank","https://scanx.trade/company/hdfc-bank-ltd","927.25","-0.42%","925.00","1,49,39,606","14,26,534.92","18.50","8.47","1,020.50","812.73","-5.91%","-7.55%","12.31%","11.65%","24.30%","2.56","1.18%","13.93%","6.38%","89.49","983.43","976.24","29.34","78.00%","91.00%"
"Bharti Airtel","https://scanx.trade/company/bharti-airtel-ltd","1,998.30","0.12%","1,977.00","37,23,832","11,39,451.71","25.39","-1.62","2,174.50","1,559.50","-4.74%","-2.59%","21.76%","161.40%","241.50%","9.63","0.78%","8.11%","18.01%","21.42","2,091.53","1,952.19","31.38","78.00%","91.00%"
"Tata Consultancy Services","https://scanx.trade/company/tcs-tata-consultancy-services-ltd","3,123.80","0.69%","3,100.00","7,85,688","11,30,218.18","23.45","32.67","4,191.35","2,866.60","-4.82%","3.60%","-23.39%","-7.12%","-5.59%","10.63","4.06%","50.48%","62.02%","131.54","3,193.85","3,225.88","37.64","78.00%","91.00%"
"ICICI Bank","https://scanx.trade/company/icici-bank-ltd","1,349.00","-1.95%","1,367.50","1,10,33,338","9,64,560.87","17.38","8.47","1,500.00","1,186.00","-0.38%","-2.97%","9.41%","55.00%","144.83%","2.87","0.80%","16.67%","6.13%","64.38","1,376.52","1,403.28","47.04","78.00%","91.00%"
"State Bank of India","https://scanx.trade/company/state-bank-of-india-ltd","1,027.95","-0.82%","1,032.00","31,95,292","9,48,861.33","11.42","9.89","1,052.00","680.00","4.86%","13.27%","31.92%","73.58%","239.76%","1.77","1.48%","15.83%","5.57%","81.94","980.72","862.76","70.12","78.00%","91.00%"
"Infosys","https://scanx.trade/company/infosys-ltd","1,645.60","-0.80%","1,651.00","30,63,804","6,67,228.99","24.00","32.67","1,924.00","1,307.00","0.42%","12.64%","-9.25%","7.87%","22.86%","8.99","2.66%","29.67%","35.85%","64.20","1,594.68","1,538.73","57.49","78.00%","90.53%"
"Bajaj Finance","https://scanx.trade/company/bajaj-finance-ltd","935.65","0.26%","925.00","25,73,379","5,82,206.52","31.28","-1.73","1,102.50","718.21","-7.21%","-13.45%","25.76%","59.66%","87.81%","5.63","0.60%","18.84%","10.98%","241.14","1,000.69","955.99","32.97","76.00%","89.83%"
"Hindustan Unilever","https://scanx.trade/company/hindustan-unilever-ltd","2,388.70","0.40%","2,379.10","5,38,058","5,61,246.86","51.11","46.58","2,705.09","2,101.12","4.77%","-6.40%","3.55%","-4.72%","3.07%","11.46","2.23%","19.99%","23.38%","43.99","2,354.61","2,395.98","53.18","78.00%","91.00%"
"Larsen & Toubro","https://scanx.trade/company/lt-larsen-toubro-ltd","3,733.20","-2.03%","3,800.00","11,89,023","5,13,531.85","27.39","10.96","4,195.00","2,965.30","-8.35%","-3.60%","3.90%","65.92%","170.00%","5.17","0.89%","15.18%","18.71%","96.60","4,023.76","3,700.17","27.35","76.00%","91.00%"
"LIC of India","https://scanx.trade/company/lic-of-india-ltd","807.15","-0.25%","808.95","4,79,918","5,10,522.19","10.02","-1.73","980.00","715.30","-5.26%","-9.50%","-6.04%","15.55%","-7.78%","3.61","1.48%","49.36%","0.87%","66.13","866.22","881.05","27.21","76.00%","87.50%"
"Maruti Suzuki","https://scanx.trade/company/maruti-suzuki-ltd","15,740.00","-0.88%","15,675.00","1,95,954","4,94,869.65","33.78","36.34","17,370.00","11,059.45","-4.11%","-4.16%","30.95%","86.50%","93.25%","5.01","0.85%","15.75%","19.54%","467.71","16,253.98","14,241.05","38.96","78.00%","91.00%"
"HCL Technologies","https://scanx.trade/company/hcl-technologies-ltd","1,676.60","-0.63%","1,687.60","9,26,631","4,54,973.09","27.85","32.67","1,831.45","1,302.75","2.08%","12.12%","-6.66%","51.35%","67.79%","6.44","3.55%","23.01%","30.84%","60.53","1,642.39","1,569.80","58.04","76.00%","90.98%"
"Mahindra & Mahindra","https://scanx.trade/company/mahindra-mahindra-ltd","3,555.90","-0.04%","3,543.00","7,68,189","4,42,186.42","28.50","36.34","3,839.90","2,425.00","-1.32%","-1.20%","23.12%","170.46%","331.28%","5.33","0.69%","15.83%","15.04%","88.80","3,682.16","3,329.56","35.16","76.00%","89.75%"
"Kotak Bank","https://scanx.trade/company/kotak-mahindra-bank-ltd","418.70","-1.20%","422.10","94,11,296","4,16,417.79","22.68","8.47","460.38","372.55","-3.06%","-5.43%","9.01%","18.75%","11.14%","2.51","0.12%","13.83%","6.51%","93.78","427.03","421.06","44.28","78.00%","91.00%"
"ITC","https://scanx.trade/company/itc-ltd","325.20","-0.34%","326.00","78,06,450","4,07,435.42","11.57","16.82","471.50","325.50","-18.91%","-21.27%","-25.70%","2.74%","57.94%","5.75","4.39%","27.71%","36.57%","16.36","387.11","408.69","16.40","78.00%","91.00%"
"Axis Bank","https://scanx.trade/company/axis-bank-ltd","1,274.80","-1.45%","1,290.00","16,94,765","3,95,760.20","15.36","8.47","1,327.00","933.50","3.59%","3.98%","29.02%","36.99%","88.65%","2.03","0.08%","16.77%","6.50%","86.46","1,263.52","1,180.83","57.46","78.00%","91.00%"
"Sun Pharmaceutical","https://scanx.trade/company/sun-pharmaceutical-ltd","1,618.70","0.30%","1,637.00","14,59,386","3,88,380.35","36.89","17.88","1,851.20","1,548.00","-7.23%","-4.14%","-8.97%","57.10%","172.19%","4.97","0.99%","14.38%","18.92%","43.95","1,756.81","1,696.46","26.52","78.00%","91.00%"
"Titan","https://scanx.trade/company/titan-ltd","4,078.70","0.08%","4,075.50","2,69,099","3,62,101.34","87.57","-11.85","4,312.10","2,925.00","3.78%","9.14%","20.59%","72.00%","166.36%","28.24","0.27%","37.22%","36.95%","38.91","3,958.16","3,614.10","50.97","78.00%","91.00%"
"UltraTech Cement","https://scanx.trade/company/ultratech-cement-ltd","12,170.00","0.92%","12,059.00","82,684","3,58,624.55","48.61","29.55","13,097.00","10,047.85","5.86%","-1.43%","14.55%","69.57%","119.39%","4.92","0.64%","11.62%","9.06%","243.84","11,777.22","11,971.52","53.60","78.00%","91.00%"
"NTPC","https://scanx.trade/company/ntpc-ltd","339.05","0.09%","338.80","29,47,420","3,28,765.47","13.46","12.18","371.45","292.80","5.99%","-0.85%","0.89%","100.98%","244.91%","1.71","2.46%","12.31%","9.85%","22.08","329.62","337.34","52.63","76.00%","91.00%"
"Bajaj Finserv","https://scanx.trade/company/bajaj-finserv-ltd","1,957.70","-0.05%","1,964.90","2,76,744","3,12,803.89","16.25","-1.73","2,195.00","1,617.00","-4.21%","-8.51%","12.82%","46.84%","119.02%","4.09","0.05%","15.03%","10.65%","52.25","2,044.56","2,021.92","33.70","76.00%","91.00%"
"Oil & Natural Gas Corporation","https://scanx.trade/company/oil-natural-gas-corporation-ltd","242.23","0.77%","240.00","44,31,740","3,04,732.10","7.05","-99.95","270.47","205.00","4.01%","-2.62%","-10.07%","59.78%","145.05%","0.82","5.10%","15.64%","11.31%","36.35","241.19","241.94","50.68","76.00%","90.18%"
"Adani Ports & SEZ","https://scanx.trade/company/adani-ports-sez-ltd","1,364.50","-0.23%","1,371.70","10,92,996","2,94,750.96","26.35","35.87","1,549.00","1,010.75","-8.81%","-6.99%","18.79%","76.19%","144.27%","4.70","0.48%","15.69%","13.60%","46.34","1,482.37","1,399.94","23.76","75.01%","80.00%"
"Bharat Electronics","https://scanx.trade/company/bharat-electronics-ltd","401.70","-1.87%","406.50","1,08,50,679","2,93,633.82","52.50","24.43","436.00","240.25","2.25%","-3.55%","40.55%","294.60%","789.31%","13.86","0.59%","24.13%","33.72%","5.80","406.98","385.83","51.95","75.80%","87.50%"
"Hindustan Zinc","https://scanx.trade/company/hindustan-zinc-ltd","692.40","1.71%","682.00","1,80,32,617","2,92,561.09","24.36","-91.73","696.90","378.15","17.61%","42.35%","48.74%","96.15%","133.60%","20.99","4.26%","51.06%","62.89%","19.26","553.67","477.56","69.32","58.00%","85.15%"
"Hindustan Aeronautics","https://scanx.trade/company/hal-hindustan-aeronautics-ltd","4,296.60","-1.35%","4,315.00","6,15,180","2,87,345.87","34.36","34.69","5,165.00","3,046.05","-0.20%","-11.59%","2.61%","242.43%","785.84%","7.84","0.92%","26.15%","17.49%","113.89","4,480.55","4,631.30","43.01","74.66%","87.50%"
"JSW Steel","https://scanx.trade/company/jsw-steel-ltd","1,172.60","1.09%","1,163.50","6,67,127","2,86,753.93","46.67","23.12","1,223.90","900.50","8.61%","2.39%","27.57%","58.15%","192.49%","3.42","0.30%","11.25%","7.49%","28.47","1,144.61","1,079.42","51.74","76.00%","90.46%"
"Eternal","https://scanx.trade/company/zomato-ltd","274.75","1.91%","269.25","3,06,28,450","2,65,143.38","1,420.79","35.87","368.45","194.80","-3.95%","-18.75%","14.60%","434.01%","118.06%","8.44","-","1.72%","2.63%","0.68","292.16","284.44","35.66","72.84%","85.55%"
"Vedanta","https://scanx.trade/company/vedanta-ltd","666.10","-0.85%","671.80","85,34,366","2,60,470.95","14.78","-91.73","688.00","363.00","14.53%","40.56%","44.51%","101.30%","283.48%","6.54","6.48%","17.92%","28.36%","13.95","565.97","476.62","75.57","75.86%","87.50%"
"Asian Paints","https://scanx.trade/company/asian-paints-ltd","2,665.80","-0.37%","2,670.00","4,53,164","2,55,702.95","64.71","41.37","2,985.70","2,124.75","-4.79%","5.95%","16.89%","-4.38%","-1.17%","13.10","0.93%","28.61%","23.98%","52.96","2,824.03","2,511.14","36.86","78.00%","91.00%"
"Coal India","https://scanx.trade/company/coal-india-ltd","414.15","-0.28%","414.95","47,21,745","2,55,229.39","8.23","-91.73","442.00","349.25","7.40%","6.03%","7.00%","82.44%","192.69%","2.43","6.38%","44.71%","24.48%","59.34","394.82","390.57","52.85","76.00%","90.77%"
"Bajaj Auto","https://scanx.trade/company/bajaj-auto-ltd","9,120.00","-0.65%","9,150.00","1,77,762","2,54,682.94","30.79","11.47","9,888.00","7,089.35","1.31%","-0.05%","6.74%","155.27%","150.28%","7.51","2.29%","26.61%","24.90%","286.76","9,150.92","8,674.47","43.47","76.00%","90.82%"
"Wipro","https://scanx.trade/company/wipro-ltd","238.65","-0.52%","239.90","85,96,290","2,50,265.54","18.88","32.67","324.60","228.00","-9.76%","-1.07%","-20.52%","18.39%","7.27%","2.94","2.50%","14.88%","18.97%","21.37","256.60","251.80","32.86","76.00%","89.67%"
"Nestle","https://scanx.trade/company/nestle-india-ltd","1,287.40","-0.64%","1,298.90","6,30,843","2,48,251.19","84.63","52.18","1,332.70","1,055.00","3.46%","0.16%","16.30%","34.10%","45.62%","56.31","1.04%","117.72%","59.30%","33.58","1,269.82","1,210.82","53.14","78.00%","91.00%"
"Power Grid Corporation of India","https://scanx.trade/company/power-grid-corporation-of-india-ltd","256.75","1.06%","252.05","86,69,008","2,38,793.00","15.56","12.18","322.00","247.30","-2.54%","-10.91%","-16.16%","53.34%","132.71%","2.39","3.54%","18.53%","12.27%","16.88","266.36","285.80","33.30","76.00%","91.00%"
"Avenue Supermarts DMart","https://scanx.trade/company/dmart-avenue-supermarts-ltd","3,639.60","-0.60%","3,661.60","2,14,869","2,36,840.81","83.18","26.31","4,949.50","3,340.00","-4.71%","-14.87%","0.69%","3.58%","31.63%","10.41","-","13.56%","16.93%","40.74","3,878.61","4,181.47","35.92","76.00%","87.50%"
"Adani Enterprises","https://scanx.trade/company/adani-enterprises-ltd","2,035.90","-0.93%","2,056.50","7,87,061","2,34,979.65","27.48","26.31","2,612.78","1,964.72","-9.07%","-17.59%","-14.03%","-39.24%","284.08%","4.39","0.06%","7.45%","10.92%","37.44","2,268.90","2,355.71","27.01","71.37%","80.00%"
"Tata Steel","https://scanx.trade/company/tata-steel-ltd","182.50","-0.58%","183.56","2,18,64,632","2,27,824.37","34.23","23.12","191.00","124.74","8.19%","6.14%","38.61%","48.43%","164.42%","2.45","1.96%","-5.31%","8.15%","1.60","174.04","163.46","56.88","76.00%","89.32%"
"Indian Oil Corporation","https://scanx.trade/company/indian-oil-corporation-ltd","158.00","-0.27%","158.43","61,66,136","2,23,115.57","8.77","10.47","174.50","110.72","-2.83%","2.70%","21.07%","90.59%","141.11%","1.13","1.85%","22.94%","9.53%","21.83","164.39","149.83","42.69","76.00%","87.50%"
"Hindalco Industries","https://scanx.trade/company/hindalco-industries-ltd","934.75","0.72%","928.75","31,19,347","2,10,059.50","11.74","89.67","970.80","546.45","9.71%","18.87%","51.22%","90.78%","270.79%","1.55","0.53%","9.57%","12.85%","48.78","850.75","734.31","60.22","76.00%","89.29%"
"SBI Life Insurance","https://scanx.trade/company/sbi-life-insurance-ltd","2,051.10","0.10%","2,038.20","5,31,884","2,05,690.43","83.74","-1.73","2,109.60","1,372.55","1.12%","11.49%","36.77%","58.25%","128.73%","11.23","0.13%","12.70%","0.56%","20.29","2,025.99","1,848.88","50.26","78.00%","91.00%"
"Eicher Motors","https://scanx.trade/company/eicher-motors-ltd","7,090.50","-1.16%","7,100.50","2,66,980","1,94,491.87","38.53","43.04","7,613.50","4,646.00","-1.75%","1.10%","41.34%","125.06%","146.07%","8.91","0.98%","22.17%","26.14%","152.70","7,185.19","6,268.28","41.20","78.00%","91.00%"
"Interglobe Aviation","https://scanx.trade/company/indigo-interglobe-aviation-ltd","4,843.50","1.12%","4,784.50","6,30,960","1,87,245.16","36.25","5.94","6,232.50","3,945.00","-6.02%","-18.38%","17.72%","130.66%","190.66%","21.46","0.21%","409.35%","15.53%","202.26","5,284.23","5,542.11","36.99","76.00%","80.00%"
"Grasim Industries","https://scanx.trade/company/grasim-industries-ltd","2,741.60","1.03%","2,718.90","2,35,639","1,86,571.84","20.57","4.10","2,977.80","2,301.65","-2.52%","-3.94%","14.14%","66.28%","166.02%","1.85","0.37%","7.14%","5.94%","85.43","2,782.69","2,761.07","35.53","78.00%","91.00%"
"Shriram Finance","https://scanx.trade/company/shriram-transport-finance-company-ltd","981.80","-0.58%","982.55","41,32,719","1,84,712.13","18.81","-1.73","1,025.60","493.35","8.88%","41.48%","90.01%","284.33%","293.44%","3.06","1.00%","14.88%","10.65%","201.17","897.81","714.94","61.16","75.03%","87.13%"
"LTI Mindtree","https://scanx.trade/company/lti-larsen-toubro-infotech-ltd","5,805.00","-2.87%","5,900.50","4,27,437","1,72,112.01","37.52","32.67","6,429.50","3,802.00","-6.33%","3.73%","-0.35%","36.01%","41.90%","7.57","1.09%","22.89%","26.33%","154.11","6,073.57","5,357.97","45.07","76.00%","87.50%"
"TVS Motors","https://scanx.trade/company/tvs-motors-ltd","3,562.20","-1.48%","3,599.90","4,58,295","1,69,235.53","61.75","43.04","3,909.00","2,192.75","-2.83%","-2.46%","55.35%","267.27%","599.36%","21.17","0.28%","23.68%","22.61%","36.05","3,624.75","3,180.94","41.67","76.00%","87.50%"
"Jio Financial Services","https://scanx.trade/company/jio-financial-services-ltd","265.45","-0.02%","265.30","1,26,67,781","1,68,644.14","104.98","-1.73","338.60","198.65","-10.61%","-14.56%","-3.72%","6.65%","6.65%","1.25","0.19%","1.15%","1.49%","2.50","298.14","296.90","25.25","75.00%","87.50%"
"Tech Mahindra","https://scanx.trade/company/tech-mahindra-ltd","1,673.80","-0.28%","1,678.50","9,97,517","1,63,985.76","35.82","32.67","1,736.40","1,209.40","3.80%","15.88%","-0.05%","59.94%","64.19%","5.97","2.68%","8.83%","18.78%","25.74","1,557.01","1,523.04","61.93","76.00%","90.41%"
"Varun Beverages","https://scanx.trade/company/varun-beverages-ltd","479.25","-2.01%","481.35","26,54,609","1,62,081.81","55.15","17.44","592.95","419.55","2.10%","5.02%","-13.32%","94.40%","488.04%","9.00","0.20%","29.67%","20.86%","18.65","477.46","484.17","50.21","75.00%","87.50%"
"Divis Laboratories","https://scanx.trade/company/divis-laboratories-ltd","6,027.50","0.24%","6,005.00","1,33,326","1,60,011.19","64.20","40.85","7,071.50","4,955.00","-6.96%","-8.73%","0.45%","80.29%","67.17%","10.35","0.50%","11.79%","18.85%","63.06","6,431.11","6,340.76","29.62","76.00%","87.50%"
"Muthoot Finance","https://scanx.trade/company/muthoot-finance-ltd","3,952.50","0.56%","3,934.50","3,78,462","1,58,680.42","21.85","-1.73","3,995.00","1,965.00","4.53%","18.97%","84.51%","275.55%","226.45%","4.81","0.66%","16.57%","13.76%","111.25","3,763.25","2,920.40","60.20","76.00%","87.50%"
"HDFC Life Insurance","https://scanx.trade/company/hdfc-life-insurance-ltd","730.60","-0.20%","727.55","22,06,398","1,57,635.41","83.53","-1.73","820.75","595.25","-4.68%","-1.57%","15.23%","23.72%","3.93%","8.97","0.29%","10.73%","0.60%","7.61","760.83","756.32","38.02","78.00%","91.00%"
"Bank of Baroda","https://scanx.trade/company/bank-of-baroda-ltd","299.50","-0.84%","301.40","45,34,398","1,54,882.30","8.07","9.89","313.35","190.70","2.55%","10.33%","29.03%","66.99%","276.97%","0.98","2.76%","15.25%","5.69%","36.82","292.59","257.75","55.00","76.00%","87.50%"
"DLF","https://scanx.trade/company/dlf-ltd","615.85","0.48%","615.00","26,60,039","1,52,442.28","35.30","-2.17","886.80","601.20","-10.90%","-20.43%","-19.03%","66.76%","112.03%","3.52","0.98%","4.13%","5.62%","11.50","703.97","748.25","19.85","76.00%","87.50%"
"Bharat Petroleum","https://scanx.trade/company/bharat-petroleum-ltd","348.60","-1.86%","354.00","31,57,622","1,51,240.30","7.26","10.47","388.15","234.01","-4.74%","3.23%","25.71%","101.29%","68.46%","1.64","2.77%","35.51%","17.05%","44.92","364.99","333.50","42.34","76.00%","87.50%"
"IRFC","https://scanx.trade/company/indian-railway-finance-corp-ltd","114.82","-1.13%","116.13","1,51,31,715","1,50,052.59","21.67","-180.99","155.52","108.04","0.74%","-8.20%","-21.73%","246.89%","362.98%","2.68","1.38%","13.04%","5.81%","4.93","119.53","127.33","39.66","72.21%","85.34%"
"Pidilite Industries","https://scanx.trade/company/pidilite-industries-ltd","1,427.20","-0.56%","1,424.20","2,36,695","1,45,248.15","65.01","196.80","1,574.95","1,311.10","-2.13%","-6.49%","2.39%","18.80%","62.31%","15.29","0.70%","20.28%","26.80%","36.93","1,473.39","1,499.23","36.76","78.00%","87.50%"
"Adani Green Energy","https://scanx.trade/company/adani-green-energy-ltd","876.40","-0.77%","885.50","14,40,809","1,44,358.52","62.56","12.18","1,177.55","758.00","-14.15%","-15.25%","-17.84%","-55.64%","-14.09%","7.45","-","7.22%","8.15%","8.71","1,014.88","996.61","20.31","68.03%","80.00%"
"Punjab National Bank","https://scanx.trade/company/punjab-national-bank-ltd","124.31","-1.16%","125.30","98,06,673","1,42,868.78","8.07","9.89","135.15","85.46","3.75%","5.26%","23.08%","118.28%","236.43%","1.03","2.31%","8.25%","5.75%","10.66","122.43","110.94","54.26","76.00%","87.50%"
"Britannia Industries","https://scanx.trade/company/britannia-industries-ltd","5,851.50","-0.55%","5,870.00","1,00,046","1,40,944.08","61.21","52.18","6,336.00","4,506.00","-4.12%","-3.60%","19.78%","35.48%","62.89%","37.98","1.27%","53.81%","58.72%","91.68","5,943.61","5,748.91","42.14","78.00%","87.50%"
"Cholamandalam Investment","https://scanx.trade/company/cholamandalam-investment-ltd","1,629.90","-1.21%","1,640.00","3,62,721","1,37,539.68","29.98","-1.73","1,831.50","1,169.80","-1.10%","-2.59%","30.72%","130.78%","256.30%","5.10","0.12%","17.41%","9.61%","43.53","1,709.11","1,600.06","39.19","75.93%","87.50%"
"Canara Bank","https://scanx.trade/company/canara-bank-ltd","150.91","-1.80%","152.80","1,40,36,057","1,36,885.20","7.96","9.89","159.10","78.60","1.57%","18.28%","49.36%","136.57%","431.56%","1.28","2.60%","15.87%","6.11%","17.21","149.53","120.97","55.76","76.00%","87.50%"
"Torrent Pharmaceuticals","https://scanx.trade/company/torrent-pharmaceuticals-ltd","3,960.80","-0.40%","3,960.00","1,52,812","1,34,051.47","62.86","20.74","4,107.20","2,886.45","4.22%","10.93%","25.17%","150.36%","191.00%","15.92","0.15%","24.16%","28.48%","49.44","3,829.01","3,525.36","56.71","78.00%","87.50%"
"Trent","https://scanx.trade/company/trent-ltd","3,751.70","-2.20%","3,836.00","8,12,347","1,33,368.23","84.84","26.31","6,270.40","3,819.30","-7.64%","-21.88%","-38.40%","217.32%","451.76%","22.33","0.13%","36.01%","29.27%","35.43","4,182.55","5,005.45","34.46","72.77%","85.51%"
"Ambuja Cements","https://scanx.trade/company/ambuja-cements-ltd","537.80","0.28%","534.00","10,05,808","1,32,934.67","18.33","29.55","624.95","455.00","-0.34%","-4.90%","0.46%","3.87%","105.19%","2.35","0.37%","9.32%","9.15%","12.66","548.47","563.46","41.80","76.00%","87.50%"
"Union Bank of India","https://scanx.trade/company/union-bank-of-india-ltd","172.81","-1.66%","174.76","96,48,555","1,31,916.34","7.08","9.89","182.90","104.47","12.19%","22.27%","54.81%","112.69%","433.36%","1.07","2.71%","14.05%","6.23%","18.56","156.27","142.14","69.99","73.93%","86.43%"
"Godrej Consumer Products","https://scanx.trade/company/godrej-consumer-products-ltd","1,228.20","-0.49%","1,235.00","1,79,097","1,25,674.90","69.22","88.96","1,309.00","979.50","3.54%","8.07%","5.28%","31.72%","53.32%","10.37","2.03%","-4.45%","23.72%","17.15","1,176.54","1,204.51","60.32","76.00%","87.50%"
"Tata Motors Passenger Vehicles","https://scanx.trade/company/tata-motors-passenger-vehicles-ltd","340.70","0.84%","336.00","50,95,096","1,25,465.48","1.32","36.34","476.21","324.33","-3.39%","-14.77%","-27.32%","39.60%","104.72%","1.12","1.77%","34.17%","18.34%","102.18","361.04","399.52","30.74","76.00%","89.08%"
"Bajaj Holdings & Investments","https://scanx.trade/company/bajaj-holdings-and-investments-ltd","10,620.00","0.57%","10,561.00","29,466","1,18,193.71","13.51","-1.73","14,763.00","10,400.00","-4.74%","-15.75%","-2.23%","90.28%","227.05%","1.73","0.88%","11.70%","8.98%","670.52","11,305.26","12,627.41","32.06","68.52%","87.12%"
"Power Finance Corporation","https://scanx.trade/company/power-finance-corporation-ltd","356.80","-1.03%","359.10","34,99,280","1,17,747.63","3.61","-180.99","444.10","329.90","5.34%","-10.34%","-18.33%","196.54%","267.23%","0.94","4.38%","19.70%","9.24%","62.81","360.22","396.49","47.54","72.83%","86.55%"
"Tata Consumer Products","https://scanx.trade/company/tata-consumer-products-ltd","1,177.30","-0.65%","1,180.50","3,92,594","1,16,499.05","85.72","-11.05","1,220.90","930.10","-0.57%","0.08%","22.60%","61.41%","99.77%","5.77","0.70%","7.46%","7.91%","13.53","1,172.15","1,125.41","51.40","78.00%","91.00%"
"Samvardhana Motherson International","https://scanx.trade/company/motherson-sumi-systems-ltd","108.36","0.44%","106.32","90,56,599","1,14,367.94","32.10","173.46","124.71","71.50","-10.43%","2.45%","8.11%","122.64%","85.55%","3.07","0.53%","10.70%","14.07%","4.75","115.64","103.12","27.54","75.72%","87.39%"
"Indian Bank","https://scanx.trade/company/indian-bank-ltd","842.45","-0.49%","847.00","6,36,948","1,13,474.98","10.10","9.89","894.85","478.00","7.81%","3.52%","58.30%","193.64%","777.55%","1.63","1.92%","13.49%","5.89%","67.86","832.65","701.39","55.62","75.78%","87.50%"
"Solar Industries","https://scanx.trade/company/solar-industries-ltd","12,526.00","-0.56%","12,578.00","55,730","1,13,347.84","81.49","196.80","17,820.00","8,482.50","5.16%","-11.06%","28.49%","194.77%","955.04%","22.27","0.08%","25.54%","30.18%","102.22","12,911.32","14,095.87","46.65","74.84%","86.95%"
"Tata Power","https://scanx.trade/company/tata-power-ltd","349.85","-0.88%","351.95","24,79,646","1,11,788.95","22.58","12.18","416.80","326.35","-8.07%","-12.49%","-6.57%","68.85%","312.56%","3.00","0.64%","11.17%","9.90%","11.48","381.33","389.49","29.01","76.00%","87.50%"
"Cipla","https://scanx.trade/company/cipla-ltd","1,378.70","0.02%","1,378.40","13,97,527","1,11,367.50","20.48","17.88","1,673.00","1,335.00","-9.12%","-15.89%","-4.62%","30.87%","65.55%","3.38","1.16%","15.50%","21.57%","55.04","1,498.39","1,514.06","23.28","78.00%","91.00%"
"Vodafone Idea","https://scanx.trade/company/vodafone-idea-ltd","10.25","1.18%","10.13","61,86,79,505","1,11,051.61","-4.24","-1.62","12.80","6.12","-14.30%","14.65%","3.12%","41.38%","-23.22%","-1.33","-","29.99%","-1.99%","-","10.92","8.36","36.78","65.99%","76.51%"
"Hero Motocorp","https://scanx.trade/company/hero-motocorp-ltd","5,541.50","-0.70%","5,580.50","2,10,630","1,10,875.23","21.07","43.04","6,388.50","3,344.00","-4.14%","-1.76%","35.42%","101.77%","69.18%","5.32","2.95%","20.98%","28.71%","204.10","5,869.13","4,943.57","38.32","76.00%","90.10%"
"Cummins","https://scanx.trade/company/cummins-india-ltd","3,972.00","-1.22%","4,020.90","1,68,584","1,10,103.84","48.09","52.71","4,615.00","2,580.00","-9.94%","-0.86%","34.95%","174.45%","542.35%","14.09","1.28%","26.02%","32.98%","66.04","4,354.04","3,732.59","33.72","76.00%","87.50%"
"Indus Towers","https://scanx.trade/company/bharti-infratel-ltd","411.55","-0.72%","411.05","46,28,023","1,08,573.59","11.68","16.69","454.95","312.55","-0.60%","16.13%","9.57%","140.04%","61.87%","3.03","-","22.32%","28.12%","24.54","414.09","384.44","44.25","75.51%","87.39%"
"GAIL","https://scanx.trade/company/gail-ltd","164.49","2.03%","161.21","99,74,061","1,08,153.81","9.66","35.87","202.79","150.52","-3.10%","-7.81%","-9.65%","66.15%","78.79%","1.20","4.66%","12.83%","15.14%","17.17","173.22","180.31","32.39","76.00%","87.50%"
"Adani Energy Solutions","https://scanx.trade/company/adani-transmission-ltd","897.50","1.36%","885.00","10,96,798","1,07,815.12","43.67","12.18","1,067.70","639.45","-9.18%","-4.22%","10.02%","-67.22%","97.17%","4.55","-","8.73%","6.77%","12.54","989.26","900.19","26.46","68.33%","80.00%"
"BSE","https://scanx.trade/company/bse-ltd","2,633.40","-0.75%","2,638.70","21,21,252","1,07,412.19","59.79","35.87","3,030.00","1,227.32","-1.91%","5.59%","32.12%","1,415.19%","3,748.31%","20.74","0.29%","22.34%","30.53%","44.38","2,744.85","2,471.36","44.93","65.00%","79.80%"
"Jindal Steel","https://scanx.trade/company/jindal-steel-ltd","1,041.70","0.18%","1,050.40","9,25,901","1,06,262.58","38.15","23.12","1,098.00","723.35","4.95%","3.59%","11.55%","73.30%","241.49%","2.14","0.19%","13.28%","8.16%","54.82","1,035.29","985.30","51.47","76.00%","87.50%"
"HDFC AMC","https://scanx.trade/company/hdfc-asset-management-company-ltd","2,471.40","-2.20%","2,531.00","4,62,915","1,05,852.16","37.66","-1.73","2,967.25","1,781.53","-7.51%","-13.53%","22.33%","144.43%","54.13%","13.98","1.78%","27.46%","39.50%","96.87","2,638.99","2,601.96","41.08","76.00%","87.50%"
"Ashok Leyland","https://scanx.trade/company/ashok-leyland-ltd","179.37","-0.79%","179.92","1,18,42,207","1,05,359.33","29.96","731.44","191.80","95.93","3.35%","32.05%","71.47%","149.02%","194.77%","8.43","1.73%","22.82%","15.46%","8.52","166.52","135.13","54.04","76.00%","87.50%"
"Polycab","https://scanx.trade/company/polycab-india-ltd","6,921.00","-2.17%","7,000.00","3,69,717","1,04,187.68","40.08","19.95","7,948.00","4,555.00","-6.96%","-9.81%","1.67%","150.65%","468.88%","10.05","0.49%","21.87%","27.96%","118.40","7,482.70","6,837.00","38.04","74.12%","86.97%"
"Bosch","https://scanx.trade/company/bosch-ltd","35,090.00","-1.36%","35,510.00","18,099","1,03,493.18","39.03","173.46","41,945.00","25,921.60","-2.37%","-10.52%","12.70%","106.97%","120.94%","7.47","1.44%","20.65%","18.89%","646.75","36,829.40","35,597.31","37.35","78.00%","87.50%"
"Siemens","https://scanx.trade/company/siemens-ltd","2,870.00","0.75%","2,848.20","1,60,550","1,02,206.58","48.16","1.88","3,409.00","2,269.90","-7.76%","-7.32%","-5.92%","88.61%","243.18%","7.67","0.42%","14.98%","22.43%","68.99","3,133.45","3,115.48","31.20","74.98%","87.50%"
"ABB","https://scanx.trade/company/abb-ltd","4,724.50","0.70%","4,692.50","1,83,781","1,00,116.11","56.38","1.88","6,579.65","4,673.00","-8.74%","-9.69%","-27.60%","61.04%","239.14%","38.23","0.94%","21.00%","35.54%","75.95","5,108.25","5,390.18","27.17","75.96%","87.50%"
"GMR Airports","https://scanx.trade/company/gmr-infrastructure-ltd","94.14","-1.87%","96.22","66,30,695","99,402.20","-683.21","35.87","110.36","67.75","-7.28%","2.37%","22.63%","136.53%","248.67%","-36.95","-","-86.69%","7.69%","-","102.04","91.61","32.81","75.00%","87.50%"
"Shree Cement","https://scanx.trade/company/shree-cement-ltd","27,375.00","0.55%","27,225.00","10,975","98,771.05","57.07","29.55","32,490.00","24,862.55","6.93%","-5.21%","8.86%","12.10%","14.16%","4.38","0.40%","11.55%","6.67%","582.58","26,617.20","29,223.34","54.08","78.00%","87.50%"
"Lupin","https://scanx.trade/company/lupin-ltd","2,159.90","-0.39%","2,168.30","4,85,585","98,663.97","22.76","17.88","2,226.30","1,795.20","1.60%","11.12%","1.37%","186.06%","98.43%","5.04","0.55%","13.47%","21.29%","49.64","2,095.15","2,001.37","57.69","76.00%","87.50%"
"Apollo Hospitals","https://scanx.trade/company/apollo-hospitals-ltd","6,796.50","-1.68%","6,880.00","3,34,325","97,723.24","57.42","-66.76","8,099.50","6,001.00","-3.08%","-15.15%","0.23%","58.60%","154.00%","10.93","0.18%","12.53%","15.53%","72.05","7,222.57","7,317.99","36.05","75.00%","91.00%"
"Dr Reddys Laboratories","https://scanx.trade/company/dr-reddys-laboratories-ltd","1,163.50","-0.27%","1,170.00","13,18,443","97,109.24","16.98","17.88","1,379.70","1,020.00","-8.97%","-9.24%","-10.66%","33.72%","14.50%","2.70","0.69%","19.74%","21.88%","333.59","1,246.58","1,247.02","23.20","78.00%","91.00%"
"Lodha Developers","https://scanx.trade/company/macrotech-developers-ltd","971.40","-0.81%","976.70","7,71,092","97,014.16","29.29","-2.17","1,531.00","971.80","-10.90%","-18.07%","-19.64%","73.16%","317.57%","4.68","0.43%","8.86%","18.64%","19.37","1,113.59","1,242.34","27.53","72.22%","85.39%"
"Marico","https://scanx.trade/company/marico-ltd","745.30","-0.57%","748.05","6,58,083","96,746.47","57.62","9.62","780.00","577.85","0.55%","2.47%","13.36%","47.53%","78.79%","24.13","1.39%","36.03%","36.91%","11.73","740.41","719.90","49.57","78.00%","87.50%"
"Persistent Systems","https://scanx.trade/company/persistent-systems-ltd","6,115.00","-3.59%","6,330.00","15,42,699","96,464.13","60.09","32.67","6,599.00","4,148.95","-3.82%","4.62%","0.40%","182.87%","648.70%","14.00","0.55%","22.06%","28.61%","76.02","6,302.94","5,676.41","50.90","75.19%","86.89%"
"Max Healthcare Institute","https://scanx.trade/company/max-healthcare-institute-ltd","988.30","-0.46%","985.00","13,04,886","96,138.80","71.15","-66.76","1,314.30","940.05","-8.13%","-18.30%","-7.19%","125.43%","508.18%","9.61","0.15%","14.89%","11.73%","10.84","1,082.99","1,155.57","31.08","70.00%","87.31%"
"United Spirits","https://scanx.trade/company/united-spirits-ltd","1,299.10","-1.48%","1,285.00","13,75,234","94,490.15","58.58","34.49","1,645.00","1,271.10","-7.65%","-4.87%","-10.89%","58.05%","109.57%","11.41","0.91%","19.77%","26.08%","19.42","1,410.80","1,412.70","33.48","76.00%","87.50%"
"Mazagon Dock Shipbuilders","https://scanx.trade/company/mazagon-dock-shipbuilders-ltd","2,320.10","-0.52%","2,333.00","7,55,541","93,588.19","40.33","35.87","3,775.00","1,918.05","-3.66%","-18.24%","-4.85%","504.67%","2,041.30%","10.57","0.74%","21.98%","34.51%","96.04","2,567.66","2,853.74","30.66","66.44%","81.71%"
"REC","https://scanx.trade/company/rural-electrification-corporation-ltd","354.00","-1.37%","357.15","68,35,389","93,216.13","5.47","-180.99","495.60","330.95","4.36%","-5.52%","-27.87%","185.25%","223.29%","1.13","5.02%","20.40%","9.48%","55.59","357.62","383.99","46.25","72.32%","86.23%"
"ICICI Prudential Life Insurance","https://scanx.trade/company/icici-prudential-life-insurance-ltd","642.95","-1.36%","645.65","4,25,203","93,072.23","68.88","-1.73","706.80","525.80","-1.15%","7.74%","0.26%","36.59%","24.78%","7.03","0.13%","7.73%","0.44%","6.03","643.30","621.63","44.67","76.00%","80.00%"
"Hindustan Petroleum","https://scanx.trade/company/hindustan-petroleum-ltd","434.60","-0.91%","440.00","17,20,256","92,475.17","6.70","10.47","508.45","287.55","-7.48%","-4.05%","20.60%","165.11%","182.15%","1.64","2.40%","34.13%","12.56%","46.45","466.52","426.39","37.77","74.69%","87.06%"
"Indian Hotels Company","https://scanx.trade/company/indian-hotels-company-ltd","646.00","0.08%","645.00","29,15,975","91,953.72","49.82","228.00","858.00","641.35","-11.65%","-13.06%","-18.54%","118.58%","435.30%","7.94","0.35%","11.86%","17.74%","9.03","721.20","752.34","24.72","76.00%","87.50%"
"ICICI Lombard General Insurance","https://scanx.trade/company/icici-lombard-general-insurance-ltd","1,825.40","-1.95%","1,856.00","7,37,294","90,905.80","33.87","-1.73","2,068.70","1,613.70","-6.60%","-9.23%","-5.06%","58.25%","22.11%","5.61","0.67%","15.72%","-8.50%","42.73","1,964.43","1,923.05","35.08","78.00%","87.50%"
"Aditya Birla Capital","https://scanx.trade/company/aditya-birla-capital-ltd","346.55","-2.48%","354.60","28,67,394","90,697.16","27.83","-1.73","369.30","149.01","-0.62%","13.49%","94.33%","138.02%","281.87%","2.89","-","12.01%","9.58%","13.24","349.16","281.13","51.49","76.00%","87.50%"
"Dabur India","https://scanx.trade/company/dabur-india-ltd","510.15","1.00%","501.10","15,69,178","90,484.80","50.30","88.96","577.00","433.30","3.28%","1.11%","-2.20%","-9.87%","-5.11%","8.17","1.58%","17.58%","20.32%","10.60","509.84","502.38","44.62","78.00%","87.50%"
"Swiggy","https://scanx.trade/company/swiggy-ltd","325.05","-0.32%","325.75","67,31,258","89,723.99","-21.60","35.87","483.75","297.00","-21.14%","-22.96%","-32.17%","-28.72%","-28.72%","4.54","-","-","-25.96%","-","386.02","385.24","20.81","65.00%","85.24%"
"CG Power & Industrial Solutions","https://scanx.trade/company/cg-power-and-industrial-solutions-ltd","569.65","-0.71%","573.50","21,87,331","89,711.76","85.01","1.88","797.55","517.70","-15.18%","-23.04%","-16.72%","82.14%","1,220.16%","12.11","0.22%","28.86%","31.58%","5.88","663.96","683.24","29.98","74.12%","86.98%"
"Bharat Heavy Electricals","https://scanx.trade/company/bhel-bharat-heavy-electricals-ltd","253.95","1.52%","249.95","80,61,512","88,427.00","106.84","1.88","305.90","176.00","-7.91%","8.64%","17.07%","214.29%","527.04%","3.57","0.20%","1.15%","3.75%","0.29","280.91","249.20","31.35","72.83%","84.60%"
"Zydus Life Science","https://scanx.trade/company/cadila-healthcare-ltd","878.55","0.59%","868.00","4,33,563","88,402.69","17.47","17.88","1,059.05","795.00","-4.46%","-12.35%","-11.75%","100.49%","80.70%","3.47","1.26%","17.34%","21.99%","41.43","921.00","948.69","34.17","76.00%","87.50%"
"Mankind Pharma","https://scanx.trade/company/mankind-pharma-ltd","2,098.10","-1.23%","2,124.30","1,46,411","86,610.63","49.43","17.88","2,754.70","2,087.00","-3.41%","-14.54%","-22.43%","47.51%","47.51%","5.74","-","20.28%","13.33%","48.99","2,205.19","2,409.64","40.97","75.00%","87.50%"
"Info Edge","https://scanx.trade/company/naukri-info-edge-ltd","1,295.90","-0.67%","1,290.00","8,60,927","84,028.83","51.23","35.87","1,637.00","1,157.00","-3.35%","-1.19%","-16.61%","76.53%","25.34%","1.75","0.46%","1.88%","4.80%","53.82","1,347.43","1,385.84","41.83","75.95%","87.50%"
"JSW Energy","https://scanx.trade/company/jsw-energy-ltd","477.10","-0.42%","479.50","8,79,011","83,386.03","37.56","12.18","582.00","418.75","-0.24%","-9.16%","-17.63%","81.86%","516.81%","2.88","0.42%","8.21%","5.73%","11.18","490.26","509.71","42.57","72.61%","86.02%"
"Havells","https://scanx.trade/company/havells-india-ltd","1,305.40","-3.04%","1,340.00","11,86,652","81,882.11","56.86","1.88","1,712.85","1,337.20","-7.87%","-12.12%","-18.47%","13.16%","27.96%","9.72","0.74%","17.06%","22.51%","22.20","1,433.96","1,512.69","32.66","78.00%","87.50%"
"SRF","https://scanx.trade/company/srf-ltd","2,724.90","-5.49%","2,802.60","12,90,841","80,772.80","47.87","196.80","3,325.00","2,487.00","-11.82%","-14.31%","4.32%","29.44%","132.26%","6.42","0.25%","11.64%","12.90%","41.45","2,959.78","2,988.74","33.95","76.00%","87.50%"
"One 97 Communications","https://scanx.trade/company/paytm-ltd","1,242.20","-4.21%","1,294.00","33,95,911","79,443.57","-136.07","35.87","1,381.80","651.50","-7.02%","-4.85%","38.24%","125.51%","-20.41%","5.40","-","-13.67%","-4.12%","-","1,308.30","1,109.90","47.54","68.53%","82.81%"
"NHPC","https://scanx.trade/company/nhpc-ltd","76.73","-1.08%","77.00","92,69,478","77,075.55","21.68","12.18","92.34","71.00","0.16%","-11.36%","-4.04%","80.12%","211.91%","1.89","2.46%","8.28%","6.14%","3.60","79.03","83.49","38.92","75.25%","87.50%"
"SBI Cards","https://scanx.trade/company/sbi-cards-ltd","799.00","-1.58%","804.45","7,05,086","76,028.65","40.24","-1.73","1,027.25","721.00","-8.19%","-14.81%","4.92%","6.19%","-19.99%","5.22","0.31%","19.93%","20.03%","25.33","866.21","882.55","32.58","76.00%","87.50%"
"PB FinTech","https://scanx.trade/company/policy-bazaar-ltd","1,631.20","-1.69%","1,659.20","5,40,654","75,471.50","166.12","34.22","1,978.00","1,311.35","-13.64%","-0.73%","-6.78%","275.51%","35.67%","11.33","-","-8.90%","6.22%","2.28","1,809.94","1,773.35","36.42","70.00%","84.56%"
"Hitachi Energy","https://scanx.trade/company/abb-power-products-systems-ltd","16,744.00","0.69%","16,650.00","86,513","74,631.96","103.32","1.88","22,840.00","8,801.00","-9.76%","-4.06%","29.73%","418.57%","1,203.39%","16.17","0.04%","12.04%","13.08%","40.53","19,682.56","18,310.75","35.19","50.00%","80.18%"
"AU Small Finance Bank","https://scanx.trade/company/au-small-finance-bank-ltd","986.55","-1.47%","1,009.00","32,21,334","73,688.58","34.40","8.47","1,029.95","478.35","0.14%","14.03%","62.80%","60.06%","114.38%","4.12","0.10%","38.28%","16.45%","23.05","964.78","795.10","54.55","76.00%","87.50%"
"Bank of India","https://scanx.trade/company/bank-of-india-ltd","158.18","-0.98%","160.00","1,08,06,141","72,014.10","7.53","9.89","165.33","92.66","10.45%","21.89%","55.58%","75.37%","193.74%","0.97","2.54%","9.28%","5.62%","15.14","145.69","125.34","68.70","70.00%","87.39%"
"L&T Finance","https://scanx.trade/company/lt-finance-holdings-ltd","282.90","-3.71%","293.25","79,68,417","70,799.34","26.17","-1.73","329.45","131.05","-5.79%","5.74%","95.82%","198.73%","192.89%","2.79","0.93%","9.85%","10.60%","9.93","302.54","231.95","42.34","75.00%","87.45%"
"Oil India","https://scanx.trade/company/oil-india-ltd","432.30","0.77%","426.50","15,12,966","70,318.25","10.49","-99.95","491.50","325.00","6.73%","6.23%","-10.64%","175.30%","458.02%","1.24","2.68%","23.55%","11.77%","51.54","419.86","419.24","52.55","72.79%","86.34%"
"Indusind Bank","https://scanx.trade/company/indusind-bank-ltd","901.95","-0.35%","908.00","15,02,057","70,268.76","-92.82","8.47","1,086.55","606.00","6.78%","18.72%","-7.08%","-24.99%","-4.83%","1.09","-","14.20%","5.98%","115.87","862.79","807.27","55.08","70.00%","85.35%"
"Waaree Energies","https://scanx.trade/company/waaree-energies-ltd","2,438.30","-2.72%","2,500.00","11,36,820","70,135.48","25.63","1.88","3,865.00","1,863.00","-19.41%","-30.47%","-7.45%","4.25%","4.25%","6.25","-","-","24.78%","-","2,983.02","3,027.07","25.80","50.00%","83.46%"
"IDFC First Bank","https://scanx.trade/company/idfc-first-bank-ltd","81.17","-1.12%","81.71","1,41,59,461","69,764.74","49.13","8.47","87.00","52.46","-4.15%","5.51%","27.19%","36.76%","57.76%","1.34","0.26%","9.12%","5.55%","3.82","82.39","73.47","42.41","76.00%","87.50%"
"NMDC","https://scanx.trade/company/nmdc-ltd","78.16","-0.86%","78.41","1,37,37,908","68,716.85","9.87","-91.73","86.72","59.53","2.44%","3.88%","16.47%","83.99%","174.05%","2.14","4.19%","24.47%","29.74%","20.82","78.29","72.99","44.34","75.15%","87.50%"
"Nykaa","https://scanx.trade/company/nykaa-ltd","239.85","-1.03%","241.05","34,08,936","68,638.41","672.92","26.31","273.22","154.90","-3.69%","-6.85%","39.29%","88.56%","-34.76%","49.96","-","1.78%","12.91%","0.14","258.69","227.10","31.44","75.00%","87.50%"
"Yes Bank","https://scanx.trade/company/yes-bank-ltd","21.83","0.60%","21.68","8,44,00,497","68,497.19","21.42","8.47","24.30","16.02","0.60%","-3.58%","15.32%","10.53%","23.68%","1.35","-","3.05%","5.95%","0.46","22.35","20.75","42.43","70.00%","86.91%"
"Alkem Laboratories","https://scanx.trade/company/alkem-laboratories-ltd","5,639.50","-1.42%","5,680.50","40,630","67,428.68","28.37","17.88","5,933.50","4,491.65","1.51%","1.48%","7.67%","85.97%","82.91%","5.12","0.79%","16.91%","19.29%","179.80","5,665.96","5,288.07","52.47","78.00%","87.50%"
"Federal Bank","https://scanx.trade/company/federal-bank-ltd","272.05","-0.44%","271.10","54,96,224","67,004.44","15.94","8.47","280.25","172.66","1.57%","19.80%","40.21%","102.64%","251.94%","1.85","0.44%","12.70%","6.45%","16.45","256.91","217.12","60.99","76.00%","87.50%"
"Oracle Financial Services Software","https://scanx.trade/company/oracle-financial-services-software-ltd","7,682.50","-1.82%","7,750.00","1,03,476","66,850.73","28.69","32.67","10,265.00","7,038.00","-1.80%","-10.52%","-23.31%","152.49%","129.67%","9.24","3.38%","28.24%","36.86%","269.28","7,951.32","8,478.29","50.51","75.09%","87.11%"
"Rail Vikas Nigam","https://scanx.trade/company/rail-vikas-nigam-ltd","318.00","-0.72%","318.00","48,88,125","66,303.64","58.79","-2.17","501.80","301.20","-0.36%","-3.34%","-26.32%","314.33%","929.13%","6.99","0.54%","19.39%","14.76%","6.98","328.99","353.55","39.89","67.60%","81.63%"
"Torrent Power","https://scanx.trade/company/torrent-power-ltd","1,311.00","-0.79%","1,319.00","1,80,758","66,061.75","21.86","12.18","1,640.00","1,188.00","2.49%","0.52%","-11.60%","185.00%","293.04%","3.54","1.44%","15.05%","14.83%","47.61","1,310.83","1,358.86","48.33","73.97%","86.82%"
"Bharat Forge","https://scanx.trade/company/bharat-forge-ltd","1,379.70","-1.03%","1,386.00","2,67,255","65,961.89","61.78","20.71","1,506.50","919.10","-4.18%","10.58%","13.35%","60.18%","121.98%","7.12","0.61%","12.70%","16.45%","22.02","1,426.37","1,263.97","37.98","76.00%","87.50%"
"NALCO","https://scanx.trade/company/national-aluminium-company-ltd","358.75","-0.06%","354.05","69,43,777","65,889.17","10.78","89.67","374.30","137.75","28.82%","58.72%","70.39%","327.34%","687.60%","3.32","2.93%","10.93%","36.82%","10.50","292.00","217.04","66.53","71.97%","83.85%"
"Aurobindo Pharma","https://scanx.trade/company/aurobindo-pharma-ltd","1,129.50","-1.07%","1,133.90","4,37,181","65,601.54","19.36","17.88","1,278.60","1,010.00","-7.80%","2.74%","-6.04%","153.99%","21.45%","1.89","-","10.62%","15.74%","61.22","1,200.60","1,144.99","35.55","76.00%","87.50%"
"UNO Minda","https://scanx.trade/company/minda-industries-ltd","1,125.40","0.45%","1,118.00","3,38,079","64,951.70","55.00","173.46","1,382.00","767.60","-11.23%","-8.47%","8.36%","120.36%","409.23%","10.38","0.20%","17.56%","19.22%","15.45","1,271.08","1,147.73","24.34","70.00%","70.00%"
"Fortis Healthcare","https://scanx.trade/company/fortis-healthcare-ltd","847.85","-1.00%","850.25","15,38,538","64,009.13","62.33","-66.76","1,104.30","577.00","-4.83%","-22.43%","29.74%","198.22%","407.09%","6.86","0.12%","7.54%","9.86%","8.50","906.89","858.04","36.09","75.00%","87.50%"
"Dixon Technologies","https://scanx.trade/company/dixon-technologies-ltd","10,482.00","-1.87%","10,682.00","5,00,889","63,610.80","38.00","10.11","18,471.00","10,591.00","-21.00%","-34.79%","-40.31%","198.12%","246.94%","15.96","0.07%","19.86%","41.33%","72.30","13,330.32","15,326.18","26.23","70.00%","84.89%"
"Suzlon Energy","https://scanx.trade/company/suzlon-ltd","46.07","-0.58%","46.30","4,38,45,624","63,172.48","19.89","1.88","74.30","46.15","-12.40%","-13.22%","-20.69%","360.70%","666.56%","8.04","-","262.69%","24.15%","0.68","53.16","58.36","24.33","50.00%","84.39%"
"Phoenix Mills","https://scanx.trade/company/phoenix-mills-ltd","1,750.40","-1.82%","1,760.00","5,13,877","62,592.77","45.31","-2.17","1,993.00","1,402.50","-4.42%","5.68%","8.83%","150.94%","348.61%","5.90","0.14%","13.29%","10.43%","61.08","1,794.73","1,628.54","37.09","73.22%","86.72%"
"Prestige Estates Projects","https://scanx.trade/company/prestige-estate-ltd","1,423.10","-0.11%","1,424.60","7,70,656","61,297.22","72.63","-2.17","1,814.00","1,048.05","-12.38%","-17.14%","-2.76%","221.46%","389.88%","3.87","0.13%","10.40%","8.96%","33.42","1,633.74","1,573.35","28.12","72.15%","85.27%"
"Steel Authority of India","https://scanx.trade/company/steel-authority-of-india-ltd","146.22","0.56%","145.00","1,04,40,724","60,396.54","23.49","23.12","153.12","99.15","16.13%","12.62%","33.08%","59.80%","119.06%","1.03","1.10%","3.98%","6.70%","9.38","138.42","129.78","53.70","73.43%","85.59%"
"MCX","https://scanx.trade/company/multi-commodity-exchange-ltd","2,324.00","-2.06%","2,380.00","21,21,910","59,260.10","86.97","35.87","2,499.00","881.63","12.74%","26.37%","92.80%","638.25%","594.50%","29.01","0.25%","10.07%","24.11%","34.19","2,098.84","1,667.10","64.10","72.84%","75.00%"
"UPL","https://scanx.trade/company/upl-united-phosphorus-ltd","700.35","-3.19%","715.30","52,25,235","59,061.83","25.77","22.12","812.20","531.60","-6.81%","2.87%","26.68%","-1.04%","26.68%","1.91","0.78%","-5.74%","7.50%","-","764.70","697.48","32.69","76.00%","87.50%"
"Colgate Palmolive","https://scanx.trade/company/colgate-palmolive-ltd","2,113.60","-0.01%","2,109.10","2,41,839","57,486.88","43.40","46.58","2,975.00","2,033.00","0.12%","-5.82%","-21.97%","40.90%","36.94%","36.37","2.41%","70.62%","111.07%","51.99","2,131.20","2,321.38","50.71","78.00%","87.50%"
"Max Financial Services","https://scanx.trade/company/max-financial-services-ltd","1,605.80","-1.16%","1,610.50","2,51,397","55,418.53","279.58","35.87","1,752.20","950.00","-4.98%","4.73%","49.26%","92.14%","124.52%","10.57","-","8.99%","6.69%","11.00","1,682.60","1,541.31","38.16","75.00%","87.50%"
"Oberoi Realty","https://scanx.trade/company/oberoi-realty-ltd","1,516.00","-0.51%","1,528.30","8,00,308","55,122.10","24.78","-2.17","2,020.00","1,451.95","-9.51%","-10.78%","-24.31%","82.31%","160.32%","3.31","0.52%","13.92%","16.69%","60.22","1,672.00","1,694.01","28.63","75.70%","87.50%"
"Coforge","https://scanx.trade/company/coforge-ltd","1,625.00","-4.06%","1,693.70","29,39,035","54,444.29","42.24","32.67","1,994.00","1,194.01","-11.94%","-7.00%","-6.20%","98.07%","210.10%","8.24","0.22%","22.42%","14.67%","114.98","1,792.78","1,719.12","44.63","75.26%","86.32%"
"Glenmark Pharmaceuticals","https://scanx.trade/company/glenmark-pharmaceuticals-ltd","1,923.70","-0.58%","1,927.00","2,42,638","54,286.97","54.06","17.88","2,284.80","1,275.50","-3.43%","3.83%","27.94%","360.33%","277.94%","5.70","0.13%","3.84%","15.93%","-","1,961.18","1,827.86","38.90","75.73%","87.50%"
"Patanjali Foods","https://scanx.trade/company/ruchi-soya-industries-ltd","496.55","-1.09%","501.00","11,79,233","54,016.11","38.29","9.62","670.33","500.00","-11.24%","-15.87%","-18.20%","-58.48%","137.74%","4.51","0.66%","1.75%","15.86%","25.98","556.68","585.09","26.82","75.00%","87.50%"
"Laurus Labs","https://scanx.trade/company/laurus-labs-ltd","997.70","-3.65%","1,033.60","12,90,288","53,861.49","81.94","17.88","1,141.00","501.15","-4.54%","8.37%","70.77%","187.44%","168.27%","11.63","0.12%","4.09%","12.08%","2.75","1,037.78","836.82","43.11","75.20%","80.00%"
"Bharat Dynamics","https://scanx.trade/company/bharat-dynamics-ltd","1,427.30","-1.78%","1,451.80","9,12,298","52,319.47","81.34","34.69","2,096.60","907.00","3.95%","-6.99%","7.38%","205.17%","744.66%","12.62","0.32%","10.97%","10.19%","15.77","1,485.43","1,595.13","42.47","70.06%","83.23%"
"Mphasis","https://scanx.trade/company/mphasis-ltd","2,742.00","-2.62%","2,806.00","2,19,243","52,250.97","30.05","32.67","3,078.40","2,044.55","-5.13%","-0.20%","-2.25%","35.43%","66.47%","5.57","2.02%","17.68%","23.19%","82.67","2,831.28","2,720.17","47.22","76.00%","87.50%"
"APL Apollo Tubes","https://scanx.trade/company/apl-apollo-tubes-ltd","1,873.60","-1.70%","1,905.00","2,73,062","52,017.89","50.45","23.12","1,993.70","1,272.70","2.94%","7.12%","17.83%","56.56%","298.70%","11.49","0.30%","21.36%","22.02%","26.38","1,815.23","1,727.30","55.39","76.00%","87.50%"
"Godrej Properties","https://scanx.trade/company/godrej-properties-ltd","1,645.00","-2.93%","1,694.70","15,55,646","49,548.44","33.19","-2.17","2,522.00","1,684.10","-19.55%","-28.22%","-32.25%","33.61%","15.92%","2.79","-","7.25%","8.74%","40.29","2,048.96","2,133.68","22.91","73.82%","85.61%"
"Biocon","https://scanx.trade/company/biocon-ltd","363.90","-0.80%","365.00","13,09,496","48,652.11","77.99","17.88","424.95","291.00","-8.69%","-0.11%","-9.38%","48.56%","-19.10%","1.57","0.10%","5.13%","6.26%","13.00","392.05","363.40","35.03","75.63%","87.50%"
"IRCTC","https://scanx.trade/company/irctc-ltd","608.10","-0.82%","614.00","9,72,728","48,648.00","35.77","50.64","831.75","611.20","-9.78%","-15.66%","-23.13%","-5.20%","109.30%","11.52","1.30%","34.40%","44.39%","14.87","676.78","726.71","25.98","76.00%","87.50%"
"PI Industries","https://scanx.trade/company/pi-industries-ltd","3,141.60","-0.37%","3,131.00","2,80,063","47,663.76","31.63","22.12","4,330.00","2,951.10","-3.32%","-11.11%","-12.67%","-2.98%","41.60%","4.42","0.51%","19.26%","20.62%","115.17","3,348.46","3,682.30","35.60","76.00%","87.50%"
"360 One WAM","https://scanx.trade/company/360-one-wam-ltd","1,104.30","-2.24%","1,124.20","3,37,848","44,730.52","38.84","-1.73","1,273.80","790.50","-3.04%","-6.68%","-9.22%","129.79%","315.68%","4.89","0.52%","23.31%","14.83%","25.49","1,144.86","1,083.23","43.70","72.72%","85.68%"
"Tube Investment","https://scanx.trade/company/tube-invest-of-india-ltd","2,282.90","-2.00%","2,317.90","2,77,262","44,176.14","43.21","23.12","3,485.00","2,320.50","-13.36%","-26.98%","-33.61%","-13.35%","168.07%","6.00","0.15%","17.60%","15.90%","34.13","2,691.64","2,913.00","25.15","74.32%","86.91%"
"Voltas","https://scanx.trade/company/voltas-ltd","1,295.20","-2.20%","1,320.00","4,37,913","42,856.19","81.47","67.78","1,600.00","1,135.00","-5.84%","-10.35%","-16.24%","66.04%","41.92%","6.89","0.53%","4.24%","17.53%","13.81","1,385.03","1,346.46","34.71","76.00%","87.50%"
"Supreme Industries","https://scanx.trade/company/supreme-industries-ltd","3,299.10","-2.18%","3,358.60","1,62,264","41,907.43","50.51","27.74","4,739.00","3,095.00","-2.05%","-21.32%","-17.97%","39.73%","94.80%","7.49","1.01%","20.94%","21.37%","88.76","3,458.91","3,940.12","41.60","74.61%","87.05%"
"Dalmia Bharat","https://scanx.trade/company/dalmia-bharat-ltd","2,210.30","0.86%","2,193.00","3,21,917","41,457.53","36.19","1,147.49","2,496.30","1,601.00","9.68%","0.66%","26.16%","20.18%","88.58%","2.33","0.41%","5.17%","4.86%","49.19","2,059.42","2,129.32","63.29","75.00%","80.00%"
"Kalyan Jewellers","https://scanx.trade/company/kalyan-jewellers-ltd","399.40","-11.53%","452.00","2,30,75,683","41,244.55","50.12","-11.85","617.70","399.40","-17.62%","-19.30%","-24.77%","234.79%","431.12%","8.73","0.33%","14.24%","20.89%","6.12","489.73","519.11","32.20","70.00%","84.15%"
"Petronet LNG","https://scanx.trade/company/petronet-lng-ltd","273.40","-0.13%","273.25","16,40,113","41,010.00","11.19","35.87","331.85","263.50","-0.16%","-2.01%","-14.88%","22.63%","9.58%","1.95","3.65%","20.26%","23.63%","26.26","277.53","288.98","40.69","76.00%","80.00%"
"HUDCO","https://scanx.trade/company/housing-urban-development-corporation-ltd","204.38","-0.69%","206.00","24,38,829","40,914.83","14.70","-180.99","253.73","158.85","-3.26%","-10.68%","-12.85%","307.94%","364.50%","2.28","2.02%","11.02%","8.50%","11.13","223.45","224.46","34.65","69.35%","83.27%"
"KEI Industries","https://scanx.trade/company/kei-industries-ltd","3,955.00","-2.82%","4,063.00","2,24,474","37,810.04","49.15","19.95","4,587.30","2,424.00","-7.69%","-4.60%","-4.66%","160.69%","692.82%","6.28","0.10%","18.44%","16.86%","67.58","4,230.03","3,843.25","35.26","70.00%","80.00%"
"Container Corporation of India","https://scanx.trade/company/container-corporation-of-india-ltd","493.90","-0.79%","498.00","7,01,712","37,616.31","28.89","35.87","652.04","481.00","-1.49%","-7.47%","-20.26%","-12.51%","41.36%","2.97","1.85%","10.36%","13.49%","20.90","514.14","554.17","35.67","76.00%","87.50%"
"Page Industries","https://scanx.trade/company/page-industries-ltd","33,220.00","0.76%","32,970.00","18,825","37,053.17","47.97","23.63","50,590.00","31,740.00","-7.06%","-20.37%","-28.31%","-17.44%","17.10%","26.02","2.74%","35.64%","62.78%","516.64","36,963.40","42,945.58","21.32","78.00%","87.50%"
"Astral","https://scanx.trade/company/astral-poly-technik-ltd","1,368.00","-1.73%","1,388.00","2,42,829","36,751.34","74.05","27.74","1,593.50","1,232.30","-3.91%","-5.54%","-7.78%","-8.58%","43.39%","9.90","0.27%","16.69%","19.01%","20.35","1,448.68","1,431.41","41.00","76.00%","87.50%"
"IREDA","https://scanx.trade/company/ireda-ltd","128.40","-1.19%","129.94","77,71,824","36,070.53","19.38","-180.99","209.80","129.11","-3.60%","-16.22%","-38.24%","-89.73%","-89.73%","2.82","-","11.56%","8.35%","1.29","140.22","154.18","36.85","70.02%","84.22%"
"Blue Star","https://scanx.trade/company/blue-star-ltd","1,709.00","-2.23%","1,733.00","2,85,440","35,139.57","65.73","67.78","2,269.80","1,521.00","-4.06%","-13.31%","-11.51%","180.97%","343.78%","11.54","0.52%","15.86%","25.16%","24.34","1,778.66","1,800.42","42.27","74.31%","86.99%"
"Tata Elxsi","https://scanx.trade/company/tata-elxsi-ltd","5,372.00","-0.28%","5,367.00","2,28,531","33,465.00","57.83","34.22","6,735.00","4,700.00","-0.77%","-0.47%","-13.35%","-15.78%","92.72%","12.42","1.39%","36.00%","52.73%","126.48","5,294.17","5,669.02","48.35","76.00%","87.50%"
"Jubilant FoodWorks","https://scanx.trade/company/jubilant-foodworks-ltd","504.50","-0.45%","505.00","9,33,422","33,289.19","87.62","228.00","760.50","503.80","-10.50%","-14.60%","-27.36%","-1.08%","-10.26%","15.42","0.24%","17.86%","12.94%","4.12","569.87","635.26","24.89","76.00%","87.50%"
"Premier Energies","https://scanx.trade/company/premier-energies-ltd","721.05","-1.58%","732.60","8,81,335","32,663.16","27.78","26.31","1,212.00","709.05","-18.58%","-31.46%","-39.61%","-14.15%","-14.15%","9.60","0.07%","-","34.93%","-","894.65","994.00","27.34","60.00%","84.66%"
"KPIT Technologies","https://scanx.trade/company/kpit-technologies-ltd","1,104.70","-2.35%","1,129.80","7,16,260","30,284.67","40.10","34.22","1,479.00","1,020.60","-9.79%","-3.65%","-17.20%","58.55%","681.54%","9.49","0.75%","27.67%","35.48%","24.17","1,200.92","1,233.21","38.66","73.78%","85.74%"
"LIC Housing Finance","https://scanx.trade/company/lic-housing-finance-ltd","518.70","-0.77%","522.80","11,95,719","28,531.77","5.21","6.97","646.50","483.70","-2.58%","-9.48%","-8.98%","33.17%","20.24%","0.75","1.91%","15.12%","9.65%","86.33","542.48","576.22","40.28","76.00%","87.50%"
"Delhivery","https://scanx.trade/company/delhivery-ltd","378.35","-1.69%","383.65","10,65,116","28,304.20","207.97","35.87","490.00","236.53","-6.80%","-20.33%","9.60%","23.56%","-29.46%","3.02","-","-2.72%","2.66%","-","412.06","403.56","35.26","75.00%","70.00%"
"CDSL","https://scanx.trade/company/central-depository-services-ltd","1,335.50","-0.41%","1,337.60","13,40,064","27,911.95","59.31","35.87","1,828.90","1,047.45","-10.94%","-16.52%","-16.45%","153.82%","414.29%","16.08","0.93%","27.84%","37.66%","45.91","1,521.59","1,530.39","27.39","72.64%","80.00%"
"Exide Industries","https://scanx.trade/company/exide-industries-ltd","324.65","-1.77%","330.00","16,36,697","27,595.25","35.35","173.46","431.00","328.00","-10.63%","-18.60%","-17.09%","74.08%","62.12%","1.91","0.61%","6.84%","8.57%","10.29","366.86","382.68","23.21","76.00%","87.50%"
"Sona BLW Precision Forgings","https://scanx.trade/company/sona-blw-precision-forgings-ltd","442.35","-0.81%","443.05","4,60,848","27,501.83","45.58","173.46","579.95","380.00","-10.96%","-4.09%","-21.89%","8.43%","22.47%","4.84","0.72%","18.49%","13.84%","9.41","485.21","472.98","30.11","75.15%","87.43%"
"NBCC","https://scanx.trade/company/nbcc-ltd","97.15","-0.64%","97.78","92,35,024","26,230.50","42.98","35.87","130.70","70.80","-14.56%","-14.39%","-1.63%","283.54%","349.14%","9.91","0.68%","13.09%","26.58%","3.11","113.42","109.99","24.03","69.79%","80.00%"
"Tata Technologies","https://scanx.trade/company/tata-technologies-ltd","640.80","-1.03%","646.00","7,01,866","26,000.05","49.50","34.22","841.30","597.00","-2.05%","-5.88%","-21.13%","-51.20%","-51.20%","7.37","1.81%","21.09%","23.64%","16.02","663.40","691.75","45.97","75.00%","87.50%"
"IIFL Finance","https://scanx.trade/company/iifl-finance-ltd","605.90","-3.92%","626.00","16,04,508","25,764.56","26.10","-1.73","675.00","279.80","7.31%","21.25%","50.72%","26.96%","439.83%","2.06","-","15.76%","8.01%","38.34","586.80","481.96","56.18","71.28%","65.00%"
"Manappuram Finance","https://scanx.trade/company/manappuram-finance-ltd","300.05","-0.60%","303.50","32,05,827","25,397.27","60.10","-1.73","321.60","168.83","2.53%","4.22%","54.90%","159.90%","78.12%","2.01","1.33%","18.98%","10.79%","26.55","291.22","268.75","50.24","73.96%","80.00%"
"Nuvama Wealth Management","https://scanx.trade/company/nuvama-wealth-management-ltd","1,389.80","-2.22%","1,414.00","2,18,033","25,267.42","25.22","-1.73","1,701.70","947.09","-3.07%","-1.00%","12.55%","-46.80%","-46.80%","6.85","2.01%","21.55%","23.65%","203.79","1,453.90","1,389.39","44.66","50.00%","75.00%"
"PNB Housing Finance","https://scanx.trade/company/pnb-housing-finance-ltd","935.25","-1.40%","949.90","3,82,000","24,364.06","11.52","6.97","1,141.90","746.70","0.80%","7.61%","2.50%","109.93%","203.18%","1.38","0.53%","10.07%","9.27%","61.35","928.17","947.12","47.99","73.81%","80.00%"
"Syngene International","https://scanx.trade/company/syngene-international-ltd","597.85","-1.34%","606.00","3,02,523","24,089.73","52.11","35.87","862.35","599.55","-8.61%","-7.15%","-27.24%","-1.21%","-2.28%","5.15","0.21%","11.98%","13.20%","11.85","643.44","652.76","29.63","76.00%","80.00%"
"Kaynes Technology India","https://scanx.trade/company/kaynes-technology-ltd","3,501.70","0.58%","3,460.00","9,34,544","23,473.52","61.62","24.43","7,705.00","3,466.50","-16.33%","-48.97%","-47.05%","342.92%","407.53%","4.99","-","9.91%","15.98%","32.73","4,681.57","5,811.25","24.31","69.50%","75.00%"
"Angel One","https://scanx.trade/company/angel-broking-ltd","2,540.70","-3.61%","2,609.00","6,60,580","23,079.55","31.07","-1.73","3,285.00","1,941.00","0.90%","1.64%","-1.81%","96.11%","611.98%","4.11","1.81%","37.04%","33.08%","132.93","2,586.04","2,572.08","57.68","69.05%","80.00%"
"Bandhan Bank","https://scanx.trade/company/bandhan-bank-ltd","139.71","0.23%","139.00","79,46,513","22,506.88","18.29","8.47","192.48","128.16","-6.92%","-16.34%","-8.35%","-41.09%","-61.17%","0.91","1.08%","10.32%","7.35%","15.97","147.53","162.87","34.93","59.47%","80.00%"
"Piramal Pharma","https://scanx.trade/company/piramal-pharma-ltd","156.01","-1.14%","157.80","20,10,242","20,737.60","-876.39","17.88","251.95","157.20","-8.92%","-20.22%","-35.55%","41.51%","-15.92%","2.60","0.09%","0.23%","7.02%","0.30","178.59","196.95","27.75","72.62%","80.00%"
"Amber Enterprises","https://scanx.trade/company/amber-enterprises-india-ltd","5,869.00","-2.72%","6,041.00","1,24,969","20,642.47","92.50","24.43","8,626.00","5,235.00","-12.15%","-28.82%","-16.75%","205.88%","131.94%","5.82","-","6.59%","14.95%","47.37","6,746.75","7,126.58","31.39","69.46%","80.00%"
"RBL Bank","https://scanx.trade/company/rbl-bank-ltd","298.45","1.62%","293.00","57,78,282","18,413.69","25.12","8.47","332.00","146.10","-0.60%","-8.63%","88.68%","75.77%","17.62%","1.12","0.34%","8.49%","5.64%","21.30","309.25","262.09","40.09","57.29%","80.00%"
"Inox Wind","https://scanx.trade/company/inox-wind-ltd","105.89","-2.03%","107.54","55,08,572","18,300.31","36.02","1.88","198.13","107.01","-16.54%","-27.86%","-36.41%","298.83%","540.98%","2.86","-","-29.66%","12.30%","0.66","128.74","151.58","26.24","67.59%","75.00%"
"KFin Technologies","https://scanx.trade/company/kfin-technologies-ltd","999.90","-0.78%","1,004.10","4,86,724","17,238.38","50.31","35.87","1,388.50","784.15","-7.25%","-10.77%","-14.80%","198.92%","174.81%","11.89","0.74%","21.56%","28.63%","15.80","1,069.63","1,122.17","32.54","68.53%","80.00%"
"CAMS","https://scanx.trade/company/cams-ltd","695.80","-2.01%","706.50","8,44,445","17,231.53","38.37","35.87","904.00","606.21","-8.22%","-9.12%","-21.48%","50.03%","93.86%","14.47","2.04%","38.33%","49.51%","78.32","758.53","779.17","37.19","74.00%","80.00%"
"PG Electroplast","https://scanx.trade/company/pg-electroplast-ltd","534.95","-2.98%","549.50","13,82,092","15,244.16","61.83","24.43","1,008.00","465.00","-8.08%","-8.40%","-37.58%","367.00%","3,659.31%","5.42","0.04%","19.57%","14.42%","7.08","576.66","673.04","37.37","66.60%","75.00%"
"Crompton Greaves","https://scanx.trade/company/crompton-greaves-consumer-electricals-ltd","231.25","-1.01%","232.90","20,61,598","14,890.53","31.17","1.88","373.00","232.05","-9.53%","-19.44%","-36.17%","-28.46%","-43.03%","4.43","1.28%","12.81%","19.23%","7.36","259.68","309.84","28.03","76.00%","80.00%"
"Indian Energy Exchange","https://scanx.trade/company/indian-energy-exchange-ltd","130.59","0.23%","130.30","98,69,566","11,644.62","24.81","35.87","215.40","129.73","-7.64%","-5.57%","-24.51%","-3.77%","59.55%","9.31","2.30%","36.08%","47.66%","4.17","140.46","161.06","38.61","75.00%","65.00%"
"Sammaan Capital","https://scanx.trade/company/indiabulls-housing-finance-ltd","138.69","0.56%","138.00","58,80,359","11,488.57","9.02","6.97","192.95","97.61","-4.38%","-19.36%","-12.02%","17.60%","-31.08%","0.51","1.45%","6.50%","3.96%","25.15","151.52","138.55","36.49","50.00%","75.00%"